{"cameraMode":{"drawMode":0,"name":"Shaded","section":"Shading Mode"},"sceneLighting":false,"audioPlay":false,"sceneViewState":{"showFog":true,"showMaterialUpdate":false,"showSkybox":true,"showFlares":true,"showImageEffects":true,"showParticleSystems":true},"in2DMode":false,"pivot":{"x":18.728031158447267,"y":9.0607271194458,"z":26.40315055847168},"rotation":{"x":0.0889177992939949,"y":-0.5810250639915466,"z":0.06406065821647644,"w":0.8064736723899841},"size":51.674232482910159,"orthographic":false}