{"cameraMode":{"drawMode":0,"name":"Shaded","section":"Shading Mode"},"sceneLighting":false,"audioPlay":false,"sceneViewState":{"showFog":true,"showMaterialUpdate":false,"showSkybox":true,"showFlares":true,"showImageEffects":true,"showParticleSystems":true},"in2DMode":false,"pivot":{"x":-65.42935943603516,"y":20.707122802734376,"z":92.11653900146485},"rotation":{"x":0.07758568227291107,"y":-0.8756090402603149,"z":0.1501343846321106,"w":0.4524918794631958},"size":269.95025634765627,"orthographic":false}